Cliente;Data de início do contrato (mínimo);Data de término do contrato (máximo);Data do último pagamento (máximo);Parcelas;Valor líquido no financeiro;Valor em aberto;Valor pago;Valor vencido
ACGS CORRETORA DE SEGUROS;01/03/2023;;;1;304,00;304,00;0,00;0,00
ACOLHER CLINICA DE SAUDE;05/11/2024;;;1;794,00;794,00;0,00;0,00
ADRIELGARCIA SOFTWARE DEVELOPMENT;02/06/2022;;03/08/2026;1;475,21;0,00;475,21;0,00
AE ANALISES ELETRICAS INSTALACAO E MANUTENCAO LTDA;03/02/2026;;;1;210,00;210,00;0,00;0,00
ALCA LIDERANCA E ACAO;19/11/2024;;;1;297,00;297,00;0,00;0,00
ALEXANDRE DIMER FIGUEIREDO;01/10/2021;;;1;340,00;340,00;0,00;0,00
ALEXSANDRO SCHUCK SILVEIRA ME;30/11/2021;;;1;237,00;237,00;0,00;0,00
ANA CLAUDIA DA ROCHA DELGADO DA ROSA;30/11/2021;;;1;2.818,00;2.818,00;0,00;0,00
AS GURIAS DAS PISCINA;02/06/2022;;;1;473,00;473,00;0,00;0,00
ATELIE YNGRID FAZENDA;30/11/2021;;;1;407,00;407,00;0,00;0,00
ATS;30/11/2021;;;1;692,00;692,00;0,00;0,00
AURORA DA VIDA;01/03/2024;;;1;710,00;710,00;0,00;0,00
AUTO CENTER FUEL INJECTION;18/01/2024;;;1;525,00;525,00;0,00;0,00
BAR DO MARQUINHOS;30/11/2021;;;1;237,00;237,00;0,00;0,00
BAUER AR CONDICIONADO E REFRIGERACAO LTDA;30/11/2021;;;1;1.202,00;1.202,00;0,00;0,00
BAUM CONSULTORIA AGRO-FLORESTAL E AMBIENTAL LTDA;30/11/2021;;;1;750,00;750,00;0,00;0,00
BOLSA DE ARTE DE PORTO ALEGRE LTDA;30/11/2021;;;1;1.775,00;1.775,00;0,00;0,00
C. GOLD SERVICE LTDA;10/03/2026;;;1;450,00;450,00;0,00;0,00
CAR AUTO CENTER SHOW;01/07/2022;10/06/2027;;1;590,00;590,00;0,00;0,00
Carlos Guilherme Martins Ferreira;05/01/2024;;;1;127,00;127,00;0,00;0,00
CG FITNESS ACADEMIA;30/09/2025;;;1;528,00;528,00;0,00;0,00
CGE CONSULTORIA LTDA;30/11/2021;;;1;800,00;800,00;0,00;0,00
COLORA;19/11/2024;;;1;390,00;390,00;0,00;0,00
CONCRETIZE MUROS;09/01/2025;;;1;1.420,00;1.420,00;0,00;0,00
CONFRARIARS;30/11/2021;;;1;450,00;450,00;0,00;0,00
Corretora de Seguros Furkin;30/11/2021;;;1;500,00;500,00;0,00;0,00
CROSS ALVORADA;23/01/2024;;;1;680,00;680,00;0,00;0,00
CS + ARQUITETURA;01/08/2021;;;1;340,00;340,00;0,00;0,00
D. GOMES CONSULTORIA LTDA;18/09/2025;;;1;385,00;385,00;0,00;0,00
DAISY MARA SANTOS CHOLLET DAL MOLIN LTDA;30/11/2021;;;1;600,00;600,00;0,00;0,00
DIEGO PEREIRA;21/11/2024;;;1;121,00;121,00;0,00;0,00
DRA JULIANA PEREIRA;13/09/2021;;;1;444,00;444,00;0,00;0,00
DRA JULIANA PEREIRA SC;30/11/2021;;;1;444,00;444,00;0,00;0,00
EDUARDO MICHALSKI;01/01/2022;;;1;847,00;847,00;0,00;0,00
ELETROTECNICA RAMBOR INSTALACOES;02/06/2025;;;1;528,00;528,00;0,00;0,00
ELLEN GLADZIK TAYLOR;30/11/2021;;;1;374,00;374,00;0,00;0,00
EVOLUGEO PESQUISA E PROJETOS LTDA;05/02/2025;;;1;220,00;220,00;0,00;0,00
EXCLUSIVA PINTURAS;15/03/2024;;;1;534,00;534,00;0,00;0,00
FABIOLA SOARES SILVA LTDA;06/05/2025;;;1;528,00;528,00;0,00;0,00
FERRAGEM FILADELFIA;30/11/2021;;;1;450,00;450,00;0,00;0,00
FERRAGEM HARTSTEIN;09/05/2024;;;1;414,00;414,00;0,00;0,00
FV ENGENHARIA;09/04/2024;;;1;198,00;198,00;0,00;0,00
GEOCAR CENTRO AUTOMOTIVO EIRELI;30/11/2021;;;1;557,00;557,00;0,00;0,00
GRUPO ESCOTEIRO DO MAR TENENTE ADALBERTO CARDOSO;01/07/2026;;;1;300,00;300,00;0,00;0,00
GRUPO SOLIDO;04/11/2024;;;1;500,00;500,00;0,00;0,00
GRUPO SOLIDO - DESIGN URBANO;08/01/2025;;;1;1.825,00;1.825,00;0,00;0,00
GUILHERME RAMBOR CRUZ;30/11/2021;;;1;237,00;237,00;0,00;0,00
HORTI BAMPI COMERCIO;08/01/2025;;;1;473,00;473,00;0,00;0,00
IMN SOLUCOES DE ENGENHARIA;08/07/2026;;;1;200,00;200,00;0,00;0,00
IMPERIO FERRAMENTAS E FERRAGENS LTDA;12/11/2025;;;1;500,00;500,00;0,00;0,00
INOVA MDF E ACESSORIOS PARA MARCENARIA;18/01/2024;;;1;592,00;592,00;0,00;0,00
INTERCLIN;28/06/2021;;;1;1.232,00;1.232,00;0,00;0,00
J P SERVICOS EM GERAL;31/05/2023;;;1;614,00;614,00;0,00;0,00
JAIRO GUATEMI PEDROSO;30/11/2021;;;1;225,00;225,00;0,00;0,00
JGD ENGENHARIA LTDA;30/11/2021;;;1;1.130,00;1.130,00;0,00;0,00
KS CONSTRUCOES;03/02/2026;;;1;480,00;480,00;0,00;0,00
MARCIO CLEITON MACHADO ME;30/11/2021;;;1;300,00;300,00;0,00;0,00
MARIANA SCHARDOSIM BORGES;30/11/2021;;;1;817,00;817,00;0,00;0,00
MD ESPACO FITNESS;30/11/2021;;;1;550,00;550,00;0,00;0,00
MEDICAL TOOLS;01/09/2022;;;1;317,00;317,00;0,00;0,00
MF CONSTRUÇÕES;10/01/2024;;;1;960,00;960,00;0,00;0,00
MG PRISMA MATRIZ;01/07/2024;;;1;450,00;450,00;0,00;0,00
MN IMPERMEABILIZACOES;01/07/2024;;;1;450,00;450,00;0,00;0,00
MOREIRA NETO PEÇAS E SERVIÇOS - EIRELI;30/11/2021;;;1;755,00;755,00;0,00;0,00
MVB ARQUITETURA;29/10/2024;;;1;509,00;509,00;0,00;0,00
OCOTEA SOLUCOES AMBIENTAIS;30/11/2021;;;1;473,00;473,00;0,00;0,00
OSMAR DA S. PEREIRA E CIA LTDA;30/11/2021;;;1;488,00;488,00;0,00;0,00
PABLO DIEGO DOS SANTOS DE AGUIAR LTDA;20/07/2026;;;1;380,00;380,00;0,00;0,00
PASTOREIO - CONSULTORIA E ASSESSORIA AGROPECUARIA LTDA;30/11/2021;;;1;55,00;55,00;0,00;0,00
PAULO RICARDO CAMARGO DE FRAGA;18/01/2024;;;1;592,00;592,00;0,00;0,00
Pedro Luis da Silva Galvão;30/11/2021;;;1;204,25;204,25;0,00;0,00
PRAXEDES VANDESCHER;30/11/2021;;;1;730,00;730,00;0,00;0,00
PRIMO AUTO CENTER;30/11/2021;;;1;852,00;852,00;0,00;0,00
PRISMA SANTA CATARINA FILIAL;01/07/2024;;;1;450,00;450,00;0,00;0,00
R. D AVILA DA SILVA LTDA;30/09/2025;;;1;550,00;550,00;0,00;0,00
R. MUNIZ CARGAS E DESCARGAS LTDA;10/03/2026;;;1;700,00;700,00;0,00;0,00
RENAN;01/11/2025;;;1;480,00;480,00;0,00;0,00
RESIDENCIAL LAR ABENCOADO;01/01/2025;;;2;828,00;828,00;0,00;0,00
RESIDENCIAL LAR ABENÇOADO LTDA,;03/02/2026;;;1;621,00;621,00;0,00;0,00
RICARDO RUSCHEL INFORMATICA;30/11/2021;;;1;150,00;150,00;0,00;0,00
RR CONSTRUCOES E REFORMAS LTDA;30/09/2025;;;1;1.160,00;1.160,00;0,00;0,00
SANDRO BUENO;26/05/2026;;;1;100,00;100,00;0,00;0,00
SCOTTA SOCIEDADE INDIVIDUAL DE ADVOCACIA;30/11/2021;;;1;400,00;400,00;0,00;0,00
SINDY BALCONI SERVIÇOS MÉDICOS LTDA;11/06/2021;;;1;374,00;374,00;0,00;0,00
SOLIDO - ARQUITETURA E PLANEJAMENTO;04/11/2024;;;1;220,00;220,00;0,00;0,00
SOLOCCA ENGENHARIA LTDA;23/09/2025;;;1;200,00;200,00;0,00;0,00
SOLUTION - PESQUISA E DESENVOLVIMENTO EXPERIMENTAL EM CIENCIAS FISICAS E NATURAIS LTDA;30/11/2021;;;2;2.353,00;2.353,00;0,00;0,00
SOLUTION ANALYTICS;10/12/2025;;;1;680,00;680,00;0,00;0,00
SOLUTION INSTRUMENTS;18/12/2025;;;1;1.000,00;1.000,00;0,00;0,00
URBIA INTELIGENCIA URBANA;06/05/2025;;;1;660,00;660,00;0,00;0,00
VIAPHARMA REPRESENTAÇÕES LTDA;01/06/2025;;;1;300,00;300,00;0,00;0,00
VRTEC - SOLUCOES EM ELETRICIDADE;01/01/2022;;;1;407,00;407,00;0,00;0,00
WAGNER DOS SANTOS & CIA LTDA;30/11/2021;;;1;674,00;674,00;0,00;0,00
WAGNER RENAR GUESSI DOS SANTOS EIRELI;30/11/2021;;;1;522,00;522,00;0,00;0,00
XANCLA REPRESENTACOES;30/11/2021;;;1;300,00;300,00;0,00;0,00
XCL PAISAGISMO LTDA;30/09/2025;;;1;600,00;600,00;0,00;0,00
XOCHICALLI PARQUES E JARDINS LTDA;30/11/2021;;;1;1.796,00;1.796,00;0,00;0,00
Total geral;11/06/2021;10/06/2027;03/08/2026;30;57.880,46;57.405,25;475,21;0,00
